<?xml version="1.0" encoding="UTF-8"?>

<!DOCTYPE mapper
	 PUBLIC "-//mybatis.org//DTD Mapper 3.0//EN"
	 "http://mybatis.org/dtd/mybatis-3-mapper.dtd">
<mapper namespace="project.groupware.approval.ApvDao"> <!-- Dao implements한 클래스 이름지정 -->

	<resultMap id="apvCateResult" type="dto.Approval_Cate"> <!-- id:검색된결과를 반환, type:Bean/DTO/VO -->
		<result column="apv_cate_id" property="apv_cate_id" /> <!-- column:컬럼이름, property:멤버변수 -->
		<result column="apv_cate_name" property="apv_cate_name" />
	</resultMap>

	<resultMap id="apvAuthResult" type="dto.Approval_Auth"> <!-- id:검색된결과를 반환, type:Bean/DTO/VO -->
		<result column="apv_auth_id" property="apv_auth_id" /> <!-- column:컬럼이름, property:멤버변수 -->
		<result column="apv_auth_name" property="apv_auth_name" />
	</resultMap>
	
	<resultMap id="apvResult" type="dto.Approval_Dto"> <!-- id:검색된결과를 반환, type:Bean/DTO/VO -->
		<result column="approval_id" property="approval_id" /> <!-- column:컬럼이름, property:멤버변수 -->
		<result column="approval_cate" property="approval_cate" />
		<result column="approval_member_id" property="approval_member_id" />
		<result column="approval_mem1" property="approval_mem1" />
		<result column="approval_mem2" property="approval_mem2" />
		<result column="approval_mem3" property="approval_mem3" />
		<result column="approval_auth1" property="approval_auth1" />
		<result column="approval_auth2" property="approval_auth2" />
		<result column="approval_auth3" property="approval_auth3" />
		<result column="approval_title" property="approval_title" />
		<result column="approval_content" property="approval_content" />
		<result column="approval_filepath" property="approval_filepath" />
		<result column="approval_filename" property="approval_filename" />
		<result column="approval_return" property="approval_return" />
		<result column="approval_indate" property="approval_indate" />
		<result column="approval_enddate" property="approval_enddate" />
		<result column="approval_cc" property="approval_cc" />
		
		<result column="apv_cate_name" property="apv_cate_name" />

		<result column="member_name1" property="member_name1" />
		<result column="member_name2" property="member_name2" />
		<result column="member_name3" property="member_name3" />

		<result column="department_name1" property="department_name1" />
		<result column="department_name2" property="department_name2" />
		<result column="department_name3" property="department_name3" />

		<result column="apv_auth_name1" property="apv_auth_name1" />
		<result column="apv_auth_name2" property="apv_auth_name2" />
		<result column="apv_auth_name3" property="apv_auth_name3" />

		<result column="member_name" property="member_name" />
		<result column="department_name" property="department_name" />
		<result column="rank_name" property="rank_name" />

		<result column="rank_name1" property="rank_name1" />
		<result column="rank_name2" property="rank_name2" />
		<result column="rank_name3" property="rank_name3" />

		<result column="approval_auth_date1" property="approval_auth_date1" />
		<result column="approval_auth_date2" property="approval_auth_date2" />
		<result column="approval_auth_date3" property="approval_auth_date3" />
	</resultMap>
	
	
	<select id="selectAllCate" resultMap="apvCateResult">
		SELECT * FROM approval_cate
	</select>
	
	<select id="selectSeqNum" resultType="int">
		select seq_approval_id.nextval from dual
	</select>
	
	<insert id="insertApv" parameterType="dto.Approval_Dto">
		insert into approval values(#{approval_id}, #{approval_cate}, #{approval_member_id}, #{approval_mem1}, #{approval_mem2, jdbcType=VARCHAR}, #{approval_mem3, jdbcType=VARCHAR}, 0, null, null, #{approval_title}, #{approval_content}, #{approval_filepath, jdbcType=VARCHAR}, #{approval_filename, jdbcType=VARCHAR}, #{approval_return, jdbcType=VARCHAR}, sysdate, #{approval_enddate, jdbcType=DATE}, #{approval_cc, jdbcType=VARCHAR}, null, null, null, #{approval_startdate, jdbcType=DATE})
	</insert>
	
	<select id="selectMyAllApv" parameterType="int" resultMap="apvResult">
select approval_id,approval_cate,approval_member_id,approval_mem1,approval_mem2,approval_mem3,approval_auth1,approval_auth2,approval_auth3,
approval_title,approval_content,approval_filepath,approval_filename,approval_return,approval_indate,approval_enddate,approval_cc, approval_auth_date1, approval_auth_date2, approval_auth_date3,
m1.member_name member_name1,m2.member_name member_name2,m3.member_name member_name3,
d1.department_name department_name1,d2.department_name department_name2,d3.department_name department_name3,
a1.apv_auth_name apv_auth_name1, a2.apv_auth_name apv_auth_name2, a3.apv_auth_name apv_auth_name3,
c.apv_cate_name, me.member_name,
r1.rank_name rank_name1, r2.rank_name rank_name2, r3.rank_name rank_name3, myrank.rank_name 
from approval a , member m1, member m2, member m3, member me,
rank r1, rank r2, rank r3, rank myrank,
department d1, department d2, department d3, department mydept,
approval_auth a1, approval_auth a2, approval_auth a3,
approval_cate c
where a.approval_mem1 = m1.member_id(+) and a.approval_mem2 = m2.member_id(+) and a.approval_mem3 = m3.member_id(+)
and m1.member_department = d1.department_id(+) and m2.member_department = d2.department_id(+) and m3.member_department = d3.department_id(+)
and a.approval_auth1 = a1.apv_auth_id(+) and a.approval_auth2 = a2.apv_auth_id(+) and a.approval_auth3 = a3.apv_auth_id(+)
and m1.member_rank = r1.rank_id(+) and m2.member_rank = r2.rank_id(+) and m3.member_rank = r3.rank_id(+)
and me.member_rank = myrank.rank_id(+)
and a.approval_cate = c.apv_cate_id(+)
and a.approval_member_id = me.member_id
and me.member_department = mydept.department_id(+)
and approval_cc is null
and a.approval_member_id = #{member_id} order by approval_indate desc
	</select>
	
	<select id="selectAllApvAuth" resultMap="apvAuthResult">
		select * from approval_auth
	</select>
	
	<select id="selectApvDetail" parameterType="int" resultMap="apvResult">
select approval_id,approval_cate,approval_member_id,approval_mem1,approval_mem2,approval_mem3,approval_auth1,approval_auth2,approval_auth3,
approval_title,approval_content,approval_filepath,approval_filename,approval_return,approval_indate,approval_enddate,approval_cc, approval_auth_date1, approval_auth_date2, approval_auth_date3,
m1.member_name member_name1,m2.member_name member_name2,m3.member_name member_name3,
d1.department_name department_name1,d2.department_name department_name2,d3.department_name department_name3,
a1.apv_auth_name apv_auth_name1, a2.apv_auth_name apv_auth_name2, a3.apv_auth_name apv_auth_name3,
c.apv_cate_name, me.member_name, mydept.department_name,
r1.rank_name rank_name1, r2.rank_name rank_name2, r3.rank_name rank_name3, myrank.rank_name 
from approval a , member m1, member m2, member m3, member me,
rank r1, rank r2, rank r3, rank myrank,
department d1, department d2, department d3, department mydept,
approval_auth a1, approval_auth a2, approval_auth a3,
approval_cate c
where a.approval_mem1 = m1.member_id(+) and a.approval_mem2 = m2.member_id(+) and a.approval_mem3 = m3.member_id(+)
and m1.member_department = d1.department_id(+) and m2.member_department = d2.department_id(+) and m3.member_department = d3.department_id(+)
and a.approval_auth1 = a1.apv_auth_id(+) and a.approval_auth2 = a2.apv_auth_id(+) and a.approval_auth3 = a3.apv_auth_id(+)
and m1.member_rank = r1.rank_id(+) and m2.member_rank = r2.rank_id(+) and m3.member_rank = r3.rank_id(+)
and me.member_rank = myrank.rank_id(+)
and a.approval_cate = c.apv_cate_id(+)
and a.approval_member_id = me.member_id
and me.member_department = mydept.department_id(+)
and a.approval_id = #{approval_id}
	</select>
	
	<!-- selectNotAuthApv -->
	<select id="selectNotAuthApv1" parameterType="int" resultMap="apvResult">
select approval_id,approval_cate,approval_member_id,approval_mem1,approval_mem2,approval_mem3,approval_auth1,approval_auth2,approval_auth3,
approval_title,approval_content,approval_filepath,approval_filename,approval_return,approval_indate,approval_enddate,approval_cc, approval_auth_date1, approval_auth_date2, approval_auth_date3,
m1.member_name member_name1,m2.member_name member_name2,m3.member_name member_name3,
d1.department_name department_name1,d2.department_name department_name2,d3.department_name department_name3,
a1.apv_auth_name apv_auth_name1, a2.apv_auth_name apv_auth_name2, a3.apv_auth_name apv_auth_name3,
c.apv_cate_name, me.member_name,
r1.rank_name rank_name1, r2.rank_name rank_name2, r3.rank_name rank_name3, myrank.rank_name 
from approval a , member m1, member m2, member m3, member me,
rank r1, rank r2, rank r3, rank myrank,
department d1, department d2, department d3, department mydept,
approval_auth a1, approval_auth a2, approval_auth a3,
approval_cate c
where a.approval_mem1 = m1.member_id(+) and a.approval_mem2 = m2.member_id(+) and a.approval_mem3 = m3.member_id(+)
and m1.member_department = d1.department_id(+) and m2.member_department = d2.department_id(+) and m3.member_department = d3.department_id(+)
and a.approval_auth1 = a1.apv_auth_id(+) and a.approval_auth2 = a2.apv_auth_id(+) and a.approval_auth3 = a3.apv_auth_id(+)
and m1.member_rank = r1.rank_id(+) and m2.member_rank = r2.rank_id(+) and m3.member_rank = r3.rank_id(+)
and me.member_rank = myrank.rank_id(+)
and a.approval_cate = c.apv_cate_id(+)
and a.approval_member_id = me.member_id
and me.member_department = mydept.department_id(+)
and approval_cc is null
and approval_mem1 = #{member_id} and (approval_auth1 = 0 or approval_auth1 is null) order by approval_indate desc
	</select>
	<select id="selectNotAuthApv2" parameterType="int" resultMap="apvResult">
select approval_id,approval_cate,approval_member_id,approval_mem1,approval_mem2,approval_mem3,approval_auth1,approval_auth2,approval_auth3,
approval_title,approval_content,approval_filepath,approval_filename,approval_return,approval_indate,approval_enddate,approval_cc, approval_auth_date1, approval_auth_date2, approval_auth_date3,
m1.member_name member_name1,m2.member_name member_name2,m3.member_name member_name3,
d1.department_name department_name1,d2.department_name department_name2,d3.department_name department_name3,
a1.apv_auth_name apv_auth_name1, a2.apv_auth_name apv_auth_name2, a3.apv_auth_name apv_auth_name3,
c.apv_cate_name, me.member_name,
r1.rank_name rank_name1, r2.rank_name rank_name2, r3.rank_name rank_name3, myrank.rank_name 
from approval a , member m1, member m2, member m3, member me,
rank r1, rank r2, rank r3, rank myrank,
department d1, department d2, department d3, department mydept,
approval_auth a1, approval_auth a2, approval_auth a3,
approval_cate c
where a.approval_mem1 = m1.member_id(+) and a.approval_mem2 = m2.member_id(+) and a.approval_mem3 = m3.member_id(+)
and m1.member_department = d1.department_id(+) and m2.member_department = d2.department_id(+) and m3.member_department = d3.department_id(+)
and a.approval_auth1 = a1.apv_auth_id(+) and a.approval_auth2 = a2.apv_auth_id(+) and a.approval_auth3 = a3.apv_auth_id(+)
and m1.member_rank = r1.rank_id(+) and m2.member_rank = r2.rank_id(+) and m3.member_rank = r3.rank_id(+)
and me.member_rank = myrank.rank_id(+)
and a.approval_cate = c.apv_cate_id(+)
and a.approval_member_id = me.member_id
and me.member_department = mydept.department_id(+)
and approval_cc is null
and approval_mem2 = #{member_id} and (approval_auth2 = 0 or approval_auth2 is null) order by approval_indate desc
	</select>
	<select id="selectNotAuthApv3" parameterType="int" resultMap="apvResult">
select approval_id,approval_cate,approval_member_id,approval_mem1,approval_mem2,approval_mem3,approval_auth1,approval_auth2,approval_auth3,
approval_title,approval_content,approval_filepath,approval_filename,approval_return,approval_indate,approval_enddate,approval_cc, approval_auth_date1, approval_auth_date2, approval_auth_date3,
m1.member_name member_name1,m2.member_name member_name2,m3.member_name member_name3,
d1.department_name department_name1,d2.department_name department_name2,d3.department_name department_name3,
a1.apv_auth_name apv_auth_name1, a2.apv_auth_name apv_auth_name2, a3.apv_auth_name apv_auth_name3,
c.apv_cate_name, me.member_name,
r1.rank_name rank_name1, r2.rank_name rank_name2, r3.rank_name rank_name3, myrank.rank_name 
from approval a , member m1, member m2, member m3, member me,
rank r1, rank r2, rank r3, rank myrank,
department d1, department d2, department d3, department mydept,
approval_auth a1, approval_auth a2, approval_auth a3,
approval_cate c
where a.approval_mem1 = m1.member_id(+) and a.approval_mem2 = m2.member_id(+) and a.approval_mem3 = m3.member_id(+)
and m1.member_department = d1.department_id(+) and m2.member_department = d2.department_id(+) and m3.member_department = d3.department_id(+)
and a.approval_auth1 = a1.apv_auth_id(+) and a.approval_auth2 = a2.apv_auth_id(+) and a.approval_auth3 = a3.apv_auth_id(+)
and m1.member_rank = r1.rank_id(+) and m2.member_rank = r2.rank_id(+) and m3.member_rank = r3.rank_id(+)
and me.member_rank = myrank.rank_id(+)
and a.approval_cate = c.apv_cate_id(+)
and a.approval_member_id = me.member_id
and me.member_department = mydept.department_id(+)
and approval_cc is null
and approval_mem3 = #{member_id} and (approval_auth3 = 0 or approval_auth3 is null) order by approval_indate desc
	</select>
	
	<update id="updateApv1" parameterType="map">
		update approval set approval_auth1 = #{what},
		<if test="why != null">
		<if test="what == 2">
			approval_return = #{why},
			approval_auth2 = 4,
			approval_auth3 = 4,
		</if>
		</if>
		approval_auth_date1 = sysdate where approval_id = #{approval_id}
	</update>
	<update id="updateApv2" parameterType="map">
		update approval set approval_auth2 = #{what},
		<if test="why != null">
		<if test="what == 2">
			approval_return = #{why},
			approval_auth3 = 4,
		</if>
		</if>
		approval_auth_date2 = sysdate where approval_id = #{approval_id}
	</update>
	<update id="updateApv3" parameterType="map">
		update approval set approval_auth3 = #{what}, approval_return = #{why}, approval_auth_date3 = sysdate where approval_id = #{approval_id}
	</update>
	
	
	
	
	<select id="selectYesAuthApv1" parameterType="int" resultMap="apvResult">
select approval_id,approval_cate,approval_member_id,approval_mem1,approval_mem2,approval_mem3,approval_auth1,approval_auth2,approval_auth3,
approval_title,approval_content,approval_filepath,approval_filename,approval_return,approval_indate,approval_enddate,approval_cc, approval_auth_date1, approval_auth_date2, approval_auth_date3,
m1.member_name member_name1,m2.member_name member_name2,m3.member_name member_name3,
d1.department_name department_name1,d2.department_name department_name2,d3.department_name department_name3,
a1.apv_auth_name apv_auth_name1, a2.apv_auth_name apv_auth_name2, a3.apv_auth_name apv_auth_name3,
c.apv_cate_name, me.member_name,
r1.rank_name rank_name1, r2.rank_name rank_name2, r3.rank_name rank_name3, myrank.rank_name 
from approval a , member m1, member m2, member m3, member me,
rank r1, rank r2, rank r3, rank myrank,
department d1, department d2, department d3, department mydept,
approval_auth a1, approval_auth a2, approval_auth a3,
approval_cate c
where a.approval_mem1 = m1.member_id(+) and a.approval_mem2 = m2.member_id(+) and a.approval_mem3 = m3.member_id(+)
and m1.member_department = d1.department_id(+) and m2.member_department = d2.department_id(+) and m3.member_department = d3.department_id(+)
and a.approval_auth1 = a1.apv_auth_id(+) and a.approval_auth2 = a2.apv_auth_id(+) and a.approval_auth3 = a3.apv_auth_id(+)
and m1.member_rank = r1.rank_id(+) and m2.member_rank = r2.rank_id(+) and m3.member_rank = r3.rank_id(+)
and me.member_rank = myrank.rank_id(+)
and a.approval_cate = c.apv_cate_id(+)
and a.approval_member_id = me.member_id
and me.member_department = mydept.department_id(+)
and approval_cc is null
and approval_mem1 = #{member_id} and (approval_auth1 != 0 and approval_auth1 is not null) order by approval_indate desc
	</select>
	<select id="selectYesAuthApv2" parameterType="int" resultMap="apvResult">
select approval_id,approval_cate,approval_member_id,approval_mem1,approval_mem2,approval_mem3,approval_auth1,approval_auth2,approval_auth3,
approval_title,approval_content,approval_filepath,approval_filename,approval_return,approval_indate,approval_enddate,approval_cc, approval_auth_date1, approval_auth_date2, approval_auth_date3,
m1.member_name member_name1,m2.member_name member_name2,m3.member_name member_name3,
d1.department_name department_name1,d2.department_name department_name2,d3.department_name department_name3,
a1.apv_auth_name apv_auth_name1, a2.apv_auth_name apv_auth_name2, a3.apv_auth_name apv_auth_name3,
c.apv_cate_name, me.member_name,
r1.rank_name rank_name1, r2.rank_name rank_name2, r3.rank_name rank_name3, myrank.rank_name 
from approval a , member m1, member m2, member m3, member me,
rank r1, rank r2, rank r3, rank myrank,
department d1, department d2, department d3, department mydept,
approval_auth a1, approval_auth a2, approval_auth a3,
approval_cate c
where a.approval_mem1 = m1.member_id(+) and a.approval_mem2 = m2.member_id(+) and a.approval_mem3 = m3.member_id(+)
and m1.member_department = d1.department_id(+) and m2.member_department = d2.department_id(+) and m3.member_department = d3.department_id(+)
and a.approval_auth1 = a1.apv_auth_id(+) and a.approval_auth2 = a2.apv_auth_id(+) and a.approval_auth3 = a3.apv_auth_id(+)
and m1.member_rank = r1.rank_id(+) and m2.member_rank = r2.rank_id(+) and m3.member_rank = r3.rank_id(+)
and me.member_rank = myrank.rank_id(+)
and a.approval_cate = c.apv_cate_id(+)
and a.approval_member_id = me.member_id
and me.member_department = mydept.department_id(+)
and approval_cc is null
and approval_mem2 = #{member_id} and (approval_auth2 != 0 and approval_auth2 is not null) order by approval_indate desc
	</select>
	<select id="selectYesAuthApv3" parameterType="int" resultMap="apvResult">
select approval_id,approval_cate,approval_member_id,approval_mem1,approval_mem2,approval_mem3,approval_auth1,approval_auth2,approval_auth3,
approval_title,approval_content,approval_filepath,approval_filename,approval_return,approval_indate,approval_enddate,approval_cc, approval_auth_date1, approval_auth_date2, approval_auth_date3,
m1.member_name member_name1,m2.member_name member_name2,m3.member_name member_name3,
d1.department_name department_name1,d2.department_name department_name2,d3.department_name department_name3,
a1.apv_auth_name apv_auth_name1, a2.apv_auth_name apv_auth_name2, a3.apv_auth_name apv_auth_name3,
c.apv_cate_name, me.member_name,
r1.rank_name rank_name1, r2.rank_name rank_name2, r3.rank_name rank_name3, myrank.rank_name 
from approval a , member m1, member m2, member m3, member me,
rank r1, rank r2, rank r3, rank myrank,
department d1, department d2, department d3, department mydept,
approval_auth a1, approval_auth a2, approval_auth a3,
approval_cate c
where a.approval_mem1 = m1.member_id(+) and a.approval_mem2 = m2.member_id(+) and a.approval_mem3 = m3.member_id(+)
and m1.member_department = d1.department_id(+) and m2.member_department = d2.department_id(+) and m3.member_department = d3.department_id(+)
and a.approval_auth1 = a1.apv_auth_id(+) and a.approval_auth2 = a2.apv_auth_id(+) and a.approval_auth3 = a3.apv_auth_id(+)
and m1.member_rank = r1.rank_id(+) and m2.member_rank = r2.rank_id(+) and m3.member_rank = r3.rank_id(+)
and me.member_rank = myrank.rank_id(+)
and a.approval_cate = c.apv_cate_id(+)
and a.approval_member_id = me.member_id
and me.member_department = mydept.department_id(+)
and approval_cc is null
and approval_mem3 = #{member_id} and (approval_auth3 != 0 and approval_auth3 is not null) order by approval_indate desc
	</select>
	
		<select id="selectTempApvList" parameterType="int" resultMap="apvResult">
select approval_id,approval_cate,approval_member_id,approval_mem1,approval_mem2,approval_mem3,approval_auth1,approval_auth2,approval_auth3,
approval_title,approval_content,approval_filepath,approval_filename,approval_return,approval_indate,approval_enddate,approval_cc, approval_auth_date1, approval_auth_date2, approval_auth_date3,
m1.member_name member_name1,m2.member_name member_name2,m3.member_name member_name3,
d1.department_name department_name1,d2.department_name department_name2,d3.department_name department_name3,
a1.apv_auth_name apv_auth_name1, a2.apv_auth_name apv_auth_name2, a3.apv_auth_name apv_auth_name3,
c.apv_cate_name, me.member_name,
r1.rank_name rank_name1, r2.rank_name rank_name2, r3.rank_name rank_name3, myrank.rank_name 
from approval a , member m1, member m2, member m3, member me,
rank r1, rank r2, rank r3, rank myrank,
department d1, department d2, department d3, department mydept,
approval_auth a1, approval_auth a2, approval_auth a3,
approval_cate c
where a.approval_mem1 = m1.member_id(+) and a.approval_mem2 = m2.member_id(+) and a.approval_mem3 = m3.member_id(+)
and m1.member_department = d1.department_id(+) and m2.member_department = d2.department_id(+) and m3.member_department = d3.department_id(+)
and a.approval_auth1 = a1.apv_auth_id(+) and a.approval_auth2 = a2.apv_auth_id(+) and a.approval_auth3 = a3.apv_auth_id(+)
and m1.member_rank = r1.rank_id(+) and m2.member_rank = r2.rank_id(+) and m3.member_rank = r3.rank_id(+)
and me.member_rank = myrank.rank_id(+)
and a.approval_cate = c.apv_cate_id(+)
and a.approval_member_id = me.member_id
and me.member_department = mydept.department_id(+)
and approval_cc is not null
and approval_member_id = #{member_id} order by approval_indate desc
	</select>
	
	<update id="updateReWrite" parameterType="dto.Approval_Dto">
update approval set 
approval_mem1 = #{approval_mem1},
approval_mem2 = #{approval_mem2},
approval_mem3 = #{approval_mem3},
approval_title = #{approval_title},
approval_content = #{approval_content},
approval_indate = sysdate,
approval_cc = #{approval_cc}
where approval_id = #{approval_id}
	</update>
	
	<delete id="deleteApv">
		delete approval where approval_id = #{approval_id}
	</delete>
	
	
</mapper>