<?xml version="1.0" encoding="UTF-8"?>
<!DOCTYPE mapper
	 PUBLIC "-//mybatis.org//DTD Mapper 3.0//EN"
	 "http://mybatis.org/dtd/mybatis-3-mapper.dtd">
<mapper namespace="project.groupware.calendar.Calendar_Dao">

	<resultMap id="calResult" type="dto.Calendar_Dto">
		<result column="calendar_id" property="calendar_id" />
		<result column="calendar_cate" property="calendar_cate" />
		<result column="calendar_cateSelf" property="calendar_cateSelf" />
		<result column="calendar_member_id" property="calendar_member_id" />
		<result column="calendar_start" property="calendar_start" />
		<result column="calendar_end" property="calendar_end" />
		<result column="calendar_title" property="calendar_title" />
		<result column="calendar_content" property="calendar_content" />
		<result column="calendar_color" property="calendar_color" />
		<result column="calendar_allDay" property="calendar_allDay" />
	</resultMap>

	<resultMap id="cateResult" type="dto.Calendar_Cate">
		<result column="cal_cate_id" property="cal_cate_id" />
		<result column="cal_cate_name" property="cal_cate_name" />
		<result column="cal_cate_color" property="cal_cate_color" />
	</resultMap>


	<insert id="insertCal" parameterType="dto.Calendar_Dto" >
		insert into Calendar values(seq_calendar_id.nextval, #{calendar_cate}, #{calendar_cateSelf}, #{calendar_member_id}, #{calendar_start}, #{calendar_end}, #{calendar_title}, #{calendar_content}, #{calendar_color}, #{calendar_allDay}, sysdate)
	</insert>
	
	<select id="selectAllCate" resultMap="cateResult">
		select * from calendar_cate order by cal_cate_id desc
	</select>

	<select id="selectAllCal" parameterType="int" resultMap="calResult">
		select * from calendar where calendar_member_id = #{member_id}
	</select>
	
	<delete id="deleteCal" parameterType="int">
		delete calendar where calendar_id = #{calendar_id}
	</delete>
	
	<select id="selectLatestCal" resultMap="calResult">
		select calendar_id, calendar_cate, calendar_cateSelf, calendar_member_id, calendar_start, calendar_end, calendar_title, calendar_content, calendar_color, calendar_allDay from (select calendar_id, calendar_cate, calendar_cateSelf, calendar_member_id, calendar_start, calendar_end, calendar_title, calendar_content, calendar_color, calendar_allDay, rownum from (select * from calendar order by calendar_indate desc) where rownum = 1)	
	</select>
	
	<update id="updateCal" parameterType="dto.Calendar_Dto">
		update calendar set calendar_cate = #{calendar_cate}, calendar_cateSelf = #{calendar_cateSelf}, calendar_member_id = #{calendar_member_id}, calendar_start = #{calendar_start}, calendar_end = #{calendar_end}, calendar_title = #{calendar_title}, calendar_content = #{calendar_content}, calendar_color = #{calendar_color}, calendar_allDay = #{calendar_allDay} where calendar_id = #{calendar_id}
	</update>
	
	<select id="selectById" resultMap="calResult">
		select * from calendar where calendar_id = #{calendar_id}
	</select>

<!-- 	public int insertCal(Calendar_Dto calDto);
	public int deleteCal(int calendar_id);
	public int updateCal(Calendar_Dto calDto);
	public ArrayList<Calendar_Dto> selectAllCal();
	public ArrayList<Calendar_Cate> selectAllCate(); -->
	
</mapper>

