<?xml version="1.0" encoding="UTF-8"?>
<!DOCTYPE tiles-definitions PUBLIC  
        "-//Apache Software Foundation//DTD Tiles Configuration 3.0//EN"  
        "http://tiles.apache.org/dtds/tiles-config_3_0.dtd">   
<tiles-definitions>    
  
<definition name="tilesbase" template="/WEB-INF/views/layout/layout.jsp">    
    <put-attribute name="title" value="" />         
    <put-attribute name="header" value="/WEB-INF/views/layout/header.jsp" />    
    <put-attribute name="menu" value="/WEB-INF/views/layout/menu.jsp" />       
    <put-attribute name="body" value="" />        
    <put-attribute name="footer" value="/WEB-INF/views/layout/footer.jsp" />    
</definition>       
  
 <!-- 컨트롤러에서 리턴해 주는 뷰이름,본예제는 hello  -->
<definition name="/*/*" extends="tilesbase">     
    <put-attribute name="title" value="kitri Community, test Tiles" />   
    <put-attribute name="body" value="/WEB-INF/views/{1}/{2}.jsp" />     
</definition>

<definition name="empty" template="/WEB-INF/views/layout/empty.jsp">    
    <put-attribute name="content" value="" />
</definition>     

<definition name="/member/login" extends="empty">
    <put-attribute name="content" value="/WEB-INF/views/member/login.jsp"></put-attribute>
</definition>

<definition name="/approval/pikAuthMem" extends="empty">
    <put-attribute name="content" value="/WEB-INF/views/approval/approvalList.jsp"></put-attribute>
</definition>

</tiles-definitions>
